Workbook

Sheet 품목리스트
A1: 품목리스트
A2: 매출 시트의 제품군·모델명·판매단가는 본 리스트를 기준으로 연결
A3: [가정] 판매단가는 모델별 임의 설정값이며 실제 가격이 아님 | 레이저장비 제품군·모델명 체계 적용
A4: 제품군 | B4: 모델명 | C4: 판매단가
A5: 레이저장비 프로브 | B5: LP1000 | C5: 130000
A6: 레이저장비 프로브 | B6: LP1500 | C6: 145000
A7: 레이저장비 프로브 | B7: LP2000 | C7: 175000
A8: 레이저장비 시스템 | B8: LR1000 | C8: 4500000
A9: 레이저장비 시스템 | B9: LR2000 | C9: 5200000
A10: 레이저장비 시스템 | B10: LR-PRO | C10: 6000000
A11: 레이저장비 액세서리 | B11: LR-CORE1 | C11: 4200000
A12: 레이저장비 액세서리 | B12: LR-CORE2 | C12: 4800000
A13: 레이저장비 액세서리 | B13: LR-CORE3 | C13: 60000
A14: 레이저장비 부품 | B14: LP100 | C14: 180000
A15: 레이저장비 부품 | B15: LP200 | C15: 240000

Sheet 레이저메디텍
A1: 레이저메디텍 매출현황
A2: 산업 도메인: 반려동물 헬스케어 장비 | 데이터 유형: [가상 예시] 합성 데이터
A3: 기준 매출항목: 품목리스트 시트의 레이저장비 제품군·모델명·판매단가 | 기간: 2022~2024 [가정] 3개년
A4: [가정] 거래처명 = 대리점 6개소 + 임의 회사 10개소 | 판매단가·매출은 품목리스트 기준 수식 연결 | 실제 실적·거래처·기업 데이터 아님
A5: VAT율 | B5: 0.1
A6: NO. | B6: 판매년도 | C6: 월 | D6: 날짜 | E6: 지역 | F6: 거래처명 | G6: 제품군 | H6: 모델명 | I6: 수량 | J6: 판매단가 | K6: 매출(VAT제외) | L6: 매출(VAT포함) | M6: 비고 | N6: 영업담당자
A7: 1 | B7: 2022 | C7: January | D7: 44583 | E7: 인천 | F7: 동물헬스 네트웍스 | G7: 레이저장비 부품 | H7: LP100 | I7: 49 | J7: =VLOOKUP(H7,품목리스트!$B$5:$C$15,2,FALSE) -> 180000 | K7: =ROUND(I7*J7,0) -> 8820000 | L7: =ROUND(K7*(1+$B$5),0) -> 9702000 | M7: 대리점 거래 | N7: 박지우
A8: 2 | B8: 2022 | C8: January | D8: 44580 | E8: 인천 | F8: 이지바이오텍 | G8: 레이저장비 시스템 | H8: LR2000 | I8: 3 | J8: =VLOOKUP(H8,품목리스트!$B$5:$C$15,2,FALSE) -> 5200000 | K8: =ROUND(I8*J8,0) -> 15600000 | L8: =ROUND(K8*(1+$B$5),0) -> 17160000 | M8: 회사 거래 | N8: 박지우
A9: 3 | B9: 2022 | C9: February | D9: 44604 | E9: 대구 | F9: 펫웍스코리아 | G9: 레이저장비 시스템 | H9: LR2000 | I9: 49 | J9: =VLOOKUP(H9,품목리스트!$B$5:$C$15,2,FALSE) -> 5200000 | K9: =ROUND(I9*J9,0) -> 254800000 | L9: =ROUND(K9*(1+$B$5),0) -> 280280000 | M9: 회사 거래 | N9: 최민서
A10: 4 | B10: 2022 | C10: February | D10: 44602 | E10: 대전 | F10: 케어온 메디컬 | G10: 레이저장비 부품 | H10: LP200 | I10: 4 | J10: =VLOOKUP(H10,품목리스트!$B$5:$C$15,2,FALSE) -> 240000 | K10: =ROUND(I10*J10,0) -> 960000 | L10: =ROUND(K10*(1+$B$5),0) -> 1056000 | M10: 회사 거래 | N10: 이현우
A11: 5 | B11: 2022 | C11: February | D11: 44597 | E11: 인천 | F11: 스마트펫 메디컬 | G11: 레이저장비 액세서리 | H11: LR-CORE2 | I11: 1 | J11: =VLOOKUP(H11,품목리스트!$B$5:$C$15,2,FALSE) -> 4800000 | K11: =ROUND(I11*J11,0) -> 4800000 | L11: =ROUND(K11*(1+$B$5),0) -> 5280000 | M11: 회사 거래 | N11: 이현우
A12: 6 | B12: 2022 | C12: March | D12: 44627 | E12: 광주 | F12: 스마트펫 메디컬 | G12: 레이저장비 부품 | H12: LP100 | I12: 53 | J12: =VLOOKUP(H12,품목리스트!$B$5:$C$15,2,FALSE) -> 180000 | K12: =ROUND(I12*J12,0) -> 9540000 | L12: =ROUND(K12*(1+$B$5),0) -> 10494000 | M12: 회사 거래 | N12: 박지우
A13: 7 | B13: 2022 | C13: March | D13: 44638 | E13: 인천 | F13: 스마트펫 메디컬 | G13: 레이저장비 시스템 | H13: LR2000 | I13: 4 | J13: =VLOOKUP(H13,품목리스트!$B$5:$C$15,2,FALSE) -> 5200000 | K13: =ROUND(I13*J13,0) -> 20800000 | L13: =ROUND(K13*(1+$B$5),0) -> 22880000 | M13: 회사 거래 | N13: 박지우
A14: 8 | B14: 2022 | C14: March | D14: 44627 | E14: 인천 | F14: 그린메디텍 | G14: 레이저장비 시스템 | H14: LR1000 | I14: 3 | J14: =VLOOKUP(H14,품목리스트!$B$5:$C$15,2,FALSE) -> 4500000 | K14: =ROUND(I14*J14,0) -> 13500000 | L14: =ROUND(K14*(1+$B$5),0) -> 14850000 | M14: 회사 거래 | N14: 최민서
A15: 9 | B15: 2022 | C15: April | D15: 44659 | E15: 광주 | F15: 메디링크 대리점 | G15: 레이저장비 시스템 | H15: LR2000 | I15: 54 | J15: =VLOOKUP(H15,품목리스트!$B$5:$C$15,2,FALSE) -> 5200000 | K15: =ROUND(I15*J15,0) -> 280800000 | L15: =ROUND(K15*(1+$B$5),0) -> 308880000 | M15: 대리점 거래 | N15: 김서준
A16: 10 | B16: 2022 | C16: April | D16: 44674 | E16: 경기 | F16: 스마트펫 메디컬 | G16: 레이저장비 액세서리 | H16: LR-CORE2 | I16: 4 | J16: =VLOOKUP(H16,품목리스트!$B$5:$C$15,2,FALSE) -> 4800000 | K16: =ROUND(I16*J16,0) -> 19200000 | L16: =ROUND(K16*(1+$B$5),0) -> 21120000 | M16: 회사 거래 | N16: 박지우
A17: 11 | B17: 2022 | C17: April | D17: 44672 | E17: 대전 | F17: 이노펫 디스트리뷰션 | G17: 레이저장비 프로브 | H17: LP1000 | I17: 1 | J17: =VLOOKUP(H17,품목리스트!$B$5:$C$15,2,FALSE) -> 130000 | K17: =ROUND(I17*J17,0) -> 130000 | L17: =ROUND(K17*(1+$B$5),0) -> 143000 | M17: 대리점 거래 | N17: 최민서
A18: 12 | B18: 2022 | C18: May | D18: 44703 | E18: 부산 | F18: 스마트펫 메디컬 | G18: 레이저장비 시스템 | H18: LR1000 | I18: 53 | J18: =VLOOKUP(H18,품목리스트!$B$5:$C$15,2,FALSE) -> 4500000 | K18: =ROUND(I18*J18,0) -> 238500000 | L18: =ROUND(K18*(1+$B$5),0) -> 262350000 | M18: 회사 거래 | N18: 최민서
... A108: 102 | B108: 2024 | C108: December | D108: 45630 | E108: 인천 | F108: 이지바이오텍 | G108: 레이저장비 시스템 | H108: LR1000 | I108: 2 | J108: =VLOOKUP(H108,품목리스트!$B$5:$C$15,2,FALSE) -> 4500000 | K108: =ROUND(I108*J108,0) -> 9000000 | L108: =ROUND(K108*(1+$B$5),0) -> 9900000 | M108: 회사 거래 | N108: 이현우
A109: 합계 | I109: =SUM(I7:I108) -> 2697 | K109: =SUM(K7:K108) -> 5661810000 | L109: =SUM(L7:L108) -> 6227991000

Sheet 루미나레이저
A1: 루미나레이저 매출현황
A2: 산업 도메인: 산업용 검사장비 유통 | 데이터 유형: [가상 예시] 합성 데이터
A3: 기준 매출항목: 품목리스트 시트의 레이저장비 제품군·모델명·판매단가 | 기간: 2022~2024 [가정] 3개년
A4: [가정] 거래처명 = 대리점 6개소 + 임의 회사 10개소 | 판매단가·매출은 품목리스트 기준 수식 연결 | 실제 실적·거래처·기업 데이터 아님
A5: VAT율 | B5: 0.1
A6: NO. | B6: 판매년도 | C6: 월 | D6: 날짜 | E6: 지역 | F6: 거래처명 | G6: 제품군 | H6: 모델명 | I6: 수량 | J6: 판매단가 | K6: 매출(VAT제외) | L6: 매출(VAT포함) | M6: 비고 | N6: 영업담당자
A7: 1 | B7: 2022 | C7: January | D7: 44568 | E7: 인천 | F7: 이지바이오텍 | G7: 레이저장비 부품 | H7: LP200 | I7: 38 | J7: =VLOOKUP(H7,품목리스트!$B$5:$C$15,2,FALSE) -> 240000 | K7: =ROUND(I7*J7,0) -> 9120000 | L7: =ROUND(K7*(1+$B$5),0) -> 10032000 | M7: 회사 거래 | N7: 한유진
A8: 2 | B8: 2022 | C8: January | D8: 44585 | E8: 광주 | F8: 하이케어 파트너스 | G8: 레이저장비 액세서리 | H8: LR-CORE2 | I8: 3 | J8: =VLOOKUP(H8,품목리스트!$B$5:$C$15,2,FALSE) -> 4800000 | K8: =ROUND(I8*J8,0) -> 14400000 | L8: =ROUND(K8*(1+$B$5),0) -> 15840000 | M8: 대리점 거래 | N8: 정다은
A9: 3 | B9: 2022 | C9: February | D9: 44599 | E9: 인천 | F9: 바이오링크 | G9: 레이저장비 프로브 | H9: LP1000 | I9: 52 | J9: =VLOOKUP(H9,품목리스트!$B$5:$C$15,2,FALSE) -> 130000 | K9: =ROUND(I9*J9,0) -> 6760000 | L9: =ROUND(K9*(1+$B$5),0) -> 7436000 | M9: 회사 거래 | N9: 한유진
A10: 4 | B10: 2022 | C10: February | D10: 44602 | E10: 부산 | F10: 하이케어 파트너스 | G10: 레이저장비 부품 | H10: LP100 | I10: 3 | J10: =VLOOKUP(H10,품목리스트!$B$5:$C$15,2,FALSE) -> 180000 | K10: =ROUND(I10*J10,0) -> 540000 | L10: =ROUND(K10*(1+$B$5),0) -> 594000 | M10: 대리점 거래 | N10: 정다은
A11: 5 | B11: 2022 | C11: February | D11: 44612 | E11: 인천 | F11: 스마트펫 메디컬 | G11: 레이저장비 부품 | H11: LP100 | I11: 1 | J11: =VLOOKUP(H11,품목리스트!$B$5:$C$15,2,FALSE) -> 180000 | K11: =ROUND(I11*J11,0) -> 180000 | L11: =ROUND(K11*(1+$B$5),0) -> 198000 | M11: 회사 거래 | N11: 한유진
A12: 6 | B12: 2022 | C12: March | D12: 44641 | E12: 인천 | F12: 바이오링크 | G12: 레이저장비 부품 | H12: LP100 | I12: 42 | J12: =VLOOKUP(H12,품목리스트!$B$5:$C$15,2,FALSE) -> 180000 | K12: =ROUND(I12*J12,0) -> 7560000 | L12: =ROUND(K12*(1+$B$5),0) -> 8316000 | M12: 회사 거래 | N12: 윤가람
A13: 7 | B13: 2022 | C13: March | D13: 44639 | E13: 부산 | F13: 케어온 메디컬 | G13: 레이저장비 프로브 | H13: LP1500 | I13: 3 | J13: =VLOOKUP(H13,품목리스트!$B$5:$C$15,2,FALSE) -> 145000 | K13: =ROUND(I13*J13,0) -> 435000 | L13: =ROUND(K13*(1+$B$5),0) -> 478500 | M13: 회사 거래 | N13: 정다은
A14: 8 | B14: 2022 | C14: March | D14: 44633 | E14: 인천 | F14: 바이오링크 | G14: 레이저장비 액세서리 | H14: LR-CORE3 | I14: 2 | J14: =VLOOKUP(H14,품목리스트!$B$5:$C$15,2,FALSE) -> 60000 | K14: =ROUND(I14*J14,0) -> 120000 | L14: =ROUND(K14*(1+$B$5),0) -> 132000 | M14: 회사 거래 | N14: 윤가람
A15: 9 | B15: 2022 | C15: April | D15: 44662 | E15: 광주 | F15: 바이오링크 | G15: 레이저장비 시스템 | H15: LR1000 | I15: 51 | J15: =VLOOKUP(H15,품목리스트!$B$5:$C$15,2,FALSE) -> 4500000 | K15: =ROUND(I15*J15,0) -> 229500000 | L15: =ROUND(K15*(1+$B$5),0) -> 252450000 | M15: 회사 거래 | N15: 오세훈
A16: 10 | B16: 2022 | C16: April | D16: 44657 | E16: 경기 | F16: 브릿지펫 유통 | G16: 레이저장비 프로브 | H16: LP1500 | I16: 3 | J16: =VLOOKUP(H16,품목리스트!$B$5:$C$15,2,FALSE) -> 145000 | K16: =ROUND(I16*J16,0) -> 435000 | L16: =ROUND(K16*(1+$B$5),0) -> 478500 | M16: 대리점 거래 | N16: 정다은
A17: 11 | B17: 2022 | C17: April | D17: 44657 | E17: 대전 | F17: 라이프랩 연구소 | G17: 레이저장비 시스템 | H17: LR2000 | I17: 1 | J17: =VLOOKUP(H17,품목리스트!$B$5:$C$15,2,FALSE) -> 5200000 | K17: =ROUND(I17*J17,0) -> 5200000 | L17: =ROUND(K17*(1+$B$5),0) -> 5720000 | M17: 회사 거래 | N17: 윤가람
A18: 12 | B18: 2022 | C18: May | D18: 44706 | E18: 인천 | F18: 넥스트케어 | G18: 레이저장비 프로브 | H18: LP1500 | I18: 41 | J18: =VLOOKUP(H18,품목리스트!$B$5:$C$15,2,FALSE) -> 145000 | K18: =ROUND(I18*J18,0) -> 5945000 | L18: =ROUND(K18*(1+$B$5),0) -> 6539500 | M18: 회사 거래 | N18: 한유진
... A108: 102 | B108: 2024 | C108: December | D108: 45636 | E108: 인천 | F108: 브릿지펫 유통 | G108: 레이저장비 프로브 | H108: LP1500 | I108: 2 | J108: =VLOOKUP(H108,품목리스트!$B$5:$C$15,2,FALSE) -> 145000 | K108: =ROUND(I108*J108,0) -> 290000 | L108: =ROUND(K108*(1+$B$5),0) -> 319000 | M108: 대리점 거래 | N108: 윤가람
A109: 합계 | I109: =SUM(I7:I108) -> 2045 | K109: =SUM(K7:K108) -> 4596675000 | L109: =SUM(L7:L108) -> 5056342500

Sheet 프로레이저솔루션
A1: 프로레이저솔루션 매출현황
A2: 산업 도메인: 연구용 소형진단기기 | 데이터 유형: [가상 예시] 합성 데이터
A3: 기준 매출항목: 품목리스트 시트의 레이저장비 제품군·모델명·판매단가 | 기간: 2022~2024 [가정] 3개년
A4: [가정] 거래처명 = 대리점 6개소 + 임의 회사 10개소 | 판매단가·매출은 품목리스트 기준 수식 연결 | 실제 실적·거래처·기업 데이터 아님
A5: VAT율 | B5: 0.1
A6: NO. | B6: 판매년도 | C6: 월 | D6: 날짜 | E6: 지역 | F6: 거래처명 | G6: 제품군 | H6: 모델명 | I6: 수량 | J6: 판매단가 | K6: 매출(VAT제외) | L6: 매출(VAT포함) | M6: 비고 | N6: 영업담당자
A7: 1 | B7: 2022 | C7: January | D7: 44581 | E7: 인천 | F7: 이지바이오텍 | G7: 레이저장비 부품 | H7: LP200 | I7: 60 | J7: =VLOOKUP(H7,품목리스트!$B$5:$C$15,2,FALSE) -> 240000 | K7: =ROUND(I7*J7,0) -> 14400000 | L7: =ROUND(K7*(1+$B$5),0) -> 15840000 | M7: 회사 거래 | N7: 서하린
A8: 2 | B8: 2022 | C8: January | D8: 44586 | E8: 광주 | F8: 하이케어 파트너스 | G8: 레이저장비 액세서리 | H8: LR-CORE2 | I8: 5 | J8: =VLOOKUP(H8,품목리스트!$B$5:$C$15,2,FALSE) -> 4800000 | K8: =ROUND(I8*J8,0) -> 24000000 | L8: =ROUND(K8*(1+$B$5),0) -> 26400000 | M8: 대리점 거래 | N8: 강도윤
A9: 3 | B9: 2022 | C9: February | D9: 44603 | E9: 서울 | F9: 바이오링크 | G9: 레이저장비 프로브 | H9: LP1000 | I9: 72 | J9: =VLOOKUP(H9,품목리스트!$B$5:$C$15,2,FALSE) -> 130000 | K9: =ROUND(I9*J9,0) -> 9360000 | L9: =ROUND(K9*(1+$B$5),0) -> 10296000 | M9: 회사 거래 | N9: 서하린
A10: 4 | B10: 2022 | C10: February | D10: 44608 | E10: 부산 | F10: 하이케어 파트너스 | G10: 레이저장비 부품 | H10: LP100 | I10: 5 | J10: =VLOOKUP(H10,품목리스트!$B$5:$C$15,2,FALSE) -> 180000 | K10: =ROUND(I10*J10,0) -> 900000 | L10: =ROUND(K10*(1+$B$5),0) -> 990000 | M10: 대리점 거래 | N10: 강도윤
A11: 5 | B11: 2022 | C11: February | D11: 44607 | E11: 부산 | F11: 스마트펫 메디컬 | G11: 레이저장비 부품 | H11: LP100 | I11: 1 | J11: =VLOOKUP(H11,품목리스트!$B$5:$C$15,2,FALSE) -> 180000 | K11: =ROUND(I11*J11,0) -> 180000 | L11: =ROUND(K11*(1+$B$5),0) -> 198000 | M11: 회사 거래 | N11: 서하린
A12: 6 | B12: 2022 | C12: March | D12: 44635 | E12: 부산 | F12: 바이오링크 | G12: 레이저장비 부품 | H12: LP100 | I12: 86 | J12: =VLOOKUP(H12,품목리스트!$B$5:$C$15,2,FALSE) -> 180000 | K12: =ROUND(I12*J12,0) -> 15480000 | L12: =ROUND(K12*(1+$B$5),0) -> 17028000 | M12: 회사 거래 | N12: 배수아
A13: 7 | B13: 2022 | C13: March | D13: 44623 | E13: 서울 | F13: 케어온 메디컬 | G13: 레이저장비 프로브 | H13: LP1500 | I13: 5 | J13: =VLOOKUP(H13,품목리스트!$B$5:$C$15,2,FALSE) -> 145000 | K13: =ROUND(I13*J13,0) -> 725000 | L13: =ROUND(K13*(1+$B$5),0) -> 797500 | M13: 회사 거래 | N13: 강도윤
A14: 8 | B14: 2022 | C14: March | D14: 44633 | E14: 경기 | F14: 바이오링크 | G14: 레이저장비 액세서리 | H14: LR-CORE3 | I14: 4 | J14: =VLOOKUP(H14,품목리스트!$B$5:$C$15,2,FALSE) -> 60000 | K14: =ROUND(I14*J14,0) -> 240000 | L14: =ROUND(K14*(1+$B$5),0) -> 264000 | M14: 회사 거래 | N14: 배수아
A15: 9 | B15: 2022 | C15: April | D15: 44659 | E15: 인천 | F15: 바이오링크 | G15: 레이저장비 시스템 | H15: LR1000 | I15: 68 | J15: =VLOOKUP(H15,품목리스트!$B$5:$C$15,2,FALSE) -> 4500000 | K15: =ROUND(I15*J15,0) -> 306000000 | L15: =ROUND(K15*(1+$B$5),0) -> 336600000 | M15: 회사 거래 | N15: 문지후
A16: 10 | B16: 2022 | C16: April | D16: 44660 | E16: 서울 | F16: 브릿지펫 유통 | G16: 레이저장비 프로브 | H16: LP1500 | I16: 5 | J16: =VLOOKUP(H16,품목리스트!$B$5:$C$15,2,FALSE) -> 145000 | K16: =ROUND(I16*J16,0) -> 725000 | L16: =ROUND(K16*(1+$B$5),0) -> 797500 | M16: 대리점 거래 | N16: 강도윤
A17: 11 | B17: 2022 | C17: April | D17: 44658 | E17: 강원 | F17: 라이프랩 연구소 | G17: 레이저장비 시스템 | H17: LR2000 | I17: 1 | J17: =VLOOKUP(H17,품목리스트!$B$5:$C$15,2,FALSE) -> 5200000 | K17: =ROUND(I17*J17,0) -> 5200000 | L17: =ROUND(K17*(1+$B$5),0) -> 5720000 | M17: 회사 거래 | N17: 배수아
A18: 12 | B18: 2022 | C18: May | D18: 44706 | E18: 강원 | F18: 넥스트케어 | G18: 레이저장비 프로브 | H18: LP1500 | I18: 80 | J18: =VLOOKUP(H18,품목리스트!$B$5:$C$15,2,FALSE) -> 145000 | K18: =ROUND(I18*J18,0) -> 11600000 | L18: =ROUND(K18*(1+$B$5),0) -> 12760000 | M18: 회사 거래 | N18: 서하린
... A108: 102 | B108: 2024 | C108: December | D108: 45629 | E108: 경기 | F108: 브릿지펫 유통 | G108: 레이저장비 프로브 | H108: LP1500 | I108: 3 | J108: =VLOOKUP(H108,품목리스트!$B$5:$C$15,2,FALSE) -> 145000 | K108: =ROUND(I108*J108,0) -> 435000 | L108: =ROUND(K108*(1+$B$5),0) -> 478500 | M108: 대리점 거래 | N108: 배수아
A109: 합계 | I109: =SUM(I7:I108) -> 3242 | K109: =SUM(K7:K108) -> 6888755000 | L109: =SUM(L7:L108) -> 7577630500
